<?xml version="1.0" encoding="UTF-8"?>
<metadata xml:lang="en"><Esri><CreaDate>20240531</CreaDate><CreaTime>20391700</CreaTime><ArcGISFormat>1.0</ArcGISFormat><SyncOnce>TRUE</SyncOnce><DataProperties><lineage><Process ToolSource="c:\program files (x86)\arcgis\desktop10.8\ArcToolbox\Toolboxes\Spatial Analyst Tools.tbx\Reclassify" Date="20240531" Time="203917">Reclassify NDVI_Median_Feb_Mar_2023_clip.tif Value "-0.281066 0.076129 5;0.076129 0.167327 4;0.167327 0.235726 3;0.235726 0.311725 2;0.311725 0.691719 1" C:\Users\USER\Desktop\Mapathon\data\STN_ndvi.tif DATA</Process></lineage></DataProperties></Esri></metadata>
