<?xml version="1.0" encoding="UTF-8"?>
<metadata xml:lang="en"><Esri><CreaDate>20240525</CreaDate><CreaTime>13343300</CreaTime><ArcGISFormat>1.0</ArcGISFormat><SyncOnce>TRUE</SyncOnce><DataProperties><lineage><Process ToolSource="c:\program files (x86)\arcgis\desktop10.8\ArcToolbox\Toolboxes\3D Analyst Tools.tbx\Reclassify" Date="20240525" Time="133433">Reclassify EucDist_shp2 Value "0 0.011038 5;0.011038 0.027333 4;0.027333 0.048358 3;0.048358 0.078320 2;0.078320 0.134037 1" C:\Users\USER\Desktop\Mapathon\data\STN_Road_rc.tif DATA</Process></lineage></DataProperties></Esri></metadata>
