<PAMDataset>
  <PAMRasterBand band="1">
    <Histograms>
      <HistItem>
        <HistMin>917.2559204101563</HistMin>
        <HistMax>1504.876953125</HistMax>
        <BucketCount>256</BucketCount>
        <IncludeOutOfRange>1</IncludeOutOfRange>
        <Approximate>0</Approximate>
        <HistCounts>8|8|6|15|20|16|23|25|22|21|19|24|23|19|32|25|30|33|35|32|37|34|49|63|41|43|59|55|44|39|32|30|31|35|27|29|34|30|39|28|62|60|52|39|51|43|41|34|59|41|40|43|36|52|62|46|37|41|38|45|58|35|37|36|38|28|29|35|28|30|28|26|26|28|35|36|43|38|43|30|36|38|36|39|34|41|49|40|54|39|40|29|28|26|25|30|28|27|33|45|24|25|32|33|23|28|30|28|31|39|24|27|18|23|28|16|24|16|27|19|12|20|21|12|16|17|25|16|20|18|29|13|20|23|19|21|34|27|24|20|18|18|11|16|14|16|24|27|14|19|15|14|14|14|12|11|13|12|12|11|14|10|12|12|9|10|10|11|10|6|9|7|10|7|8|6|6|8|8|5|8|12|2|9|7|11|6|4|10|9|6|8|9|10|9|8|13|5|10|9|9|11|10|11|15|16|21|12|9|6|11|8|5|8|11|0|8|6|7|6|8|6|8|6|4|7|7|7|5|7|5|1|8|3|5|3|5|6|2|7|4|6|9|5|7|8|9|14|11|1|3|3|1|1|0|1</HistCounts>
      </HistItem>
    </Histograms>
    <Metadata>
      <MDI key="RepresentationType">ATHEMATIC</MDI>
      <MDI key="STATISTICS_COVARIANCES">18395.91909753401</MDI>
      <MDI key="STATISTICS_EXCLUDEDVALUES"></MDI>
      <MDI key="STATISTICS_MAXIMUM">1504.876953125</MDI>
      <MDI key="STATISTICS_MEAN">1121.7341050633</MDI>
      <MDI key="STATISTICS_MINIMUM">917.25592041016</MDI>
      <MDI key="STATISTICS_SKIPFACTORX">1</MDI>
      <MDI key="STATISTICS_SKIPFACTORY">1</MDI>
      <MDI key="STATISTICS_STDDEV">135.63155642229</MDI>
    </Metadata>
  </PAMRasterBand>
</PAMDataset>
