<?xml version="1.0" encoding="UTF-8"?>
<metadata xml:lang="en"><Esri><CreaDate>20240525</CreaDate><CreaTime>14250900</CreaTime><ArcGISFormat>1.0</ArcGISFormat><SyncOnce>TRUE</SyncOnce><DataProperties><lineage><Process ToolSource="c:\program files (x86)\arcgis\desktop10.8\ArcToolbox\Toolboxes\3D Analyst Tools.tbx\Reclassify" Date="20240525" Time="142509">Reclassify EucDist_wate1 Value "0 0.010984 5;0.010984 0.030756 4;0.030756 0.057118 3;0.057118 0.089521 2;0.089521 0.140049 1" C:\Users\USER\Desktop\Mapathon\data\STN_river_rc.tif DATA</Process></lineage></DataProperties></Esri></metadata>
