<?xml version="1.0" encoding="UTF-8"?>
<metadata xml:lang="en"><Esri><CreaDate>20240525</CreaDate><CreaTime>14184800</CreaTime><ArcGISFormat>1.0</ArcGISFormat><SyncOnce>TRUE</SyncOnce><DataProperties><lineage><Process ToolSource="c:\program files (x86)\arcgis\desktop10.8\ArcToolbox\Toolboxes\3D Analyst Tools.tbx\Reclassify" Date="20240525" Time="141848">Reclassify EucDist_e0781 Value "0 0.027202 5;0.027202 0.053554 4;0.053554 0.083306 3;0.083306 0.124109 2;0.124109 0.216767 1" C:\Users\USER\Desktop\Mapathon\data\STN_water_rc.tif DATA</Process></lineage></DataProperties></Esri></metadata>
